OTC Name,City,State,OPO Name,OTC Code,OPO Provider #,Year
Baptist Medical Center Princeton,Birmingham,AL,Alabama Organ Center ,pending,pending,2009
Children's Hospital of Alabama,Birmingham,AL,Alabama Organ Center ,pending,pending,2009
University of Alabama Hospital,Birmingham,AL,Alabama Organ Center ,pending,pending,2009
University of South Alabama Medical Center,Mobile,AL,Alabama Organ Center ,pending,pending,2009
Arkansas Children's Hospital,Little Rock,AR,Arkansas Regional Organ Recovery Agency ,pending,pending,2009
Baptist Medical Center,Little Rock,AR,Arkansas Regional Organ Recovery Agency ,pending,pending,2009
John L. McClellan Veterans Administration Hospital,Little Rock,AR,Arkansas Regional Organ Recovery Agency ,pending,pending,2009
UAMS Medical Center,Little Rock,AR,Arkansas Regional Organ Recovery Agency ,pending,pending,2009
Alta Bates Medical Center,Berkeley,CA,California Transplant Donor Network ,pending,pending,2009
California Pacific Medical Center,San Francisco,CA,California Transplant Donor Network ,pending,pending,2009
El Camino Hospital,Mountain View,CA,California Transplant Donor Network ,pending,pending,2009
Kaiser Permanente Hospital Oakland,Oakland,CA,California Transplant Donor Network ,pending,pending,2009
Kaiser Permanente-San Francisco Medical Center,San Francisco,CA,California Transplant Donor Network ,pending,pending,2009
Lucile Salter Packard Children's Hospital at Stanford,Palo Alto,CA,California Transplant Donor Network ,pending,pending,2009
Stanford University Medical Center,Stanford,CA,California Transplant Donor Network ,pending,pending,2009
University of California San Francisco Medical Center,San Francisco,CA,California Transplant Donor Network ,pending,pending,2009
Duke University Medical Center,Durham,NC,Carolina Donor Services ,pending,pending,2009
Durham VA Medical Center,Durham,NC,Carolina Donor Services ,pending,pending,2009
North Carolina Baptist Hospital,Winston Salem,NC,Carolina Donor Services ,pending,pending,2009
Pitt County Memorial Hospital,Greenville,NC,Carolina Donor Services ,pending,pending,2009
University of North Carolina Hospitals,Chapel Hill,NC,Carolina Donor Services ,pending,pending,2009
Albany Medical Center Hospital,Albany,NY,Center for Donation and Transplant ,pending,pending,2009
Fletcher Allen Health Care,Burlington,VT,Center for Donation and Transplant ,pending,pending,2009
Allegheny General Hospital,Pittsburgh,PA,Center for Organ Recovery and Education ,pending,pending,2009
Charleston Area Medical Center,Charleston,WV,Center for Organ Recovery and Education ,pending,pending,2009
Children's Hospital of Pittsburgh of UPMC,Pittsburgh,PA,Center for Organ Recovery and Education ,pending,pending,2009
Oakland Veterans Administration Medical Center,Pittsburgh,PA,Center for Organ Recovery and Education ,pending,pending,2009
University of Pittsburgh Medical Center,Pittsburgh,PA,Center for Organ Recovery and Education ,pending,pending,2009
VA Pittsburgh Healthcare System,Pittsburgh,PA,Center for Organ Recovery and Education ,pending,pending,2009
West Virginia University Hospital,Morgantown,WV,Center for Organ Recovery and Education ,pending,pending,2009
Centura Porter Adventist Hospital,Denver,CO,Donor Alliance ,pending,pending,2009
Memorial Hospital,Colorado Springs,CO,Donor Alliance ,pending,pending,2009
Poudre Valley Hospital,Fort Collins,CO,Donor Alliance ,pending,pending,2009
Presbyterian/St Lukes Medical Center,Denver,CO,Donor Alliance ,pending,pending,2009
The Children's Hospital,Aurora,CO,Donor Alliance ,pending,pending,2009
University of Colorado Hospital/Health Science Center,Aurora,CO,Donor Alliance ,pending,pending,2009
Banner Good Samaritan Medical Center,Phoenix,AZ,Donor Network of Arizona ,pending,pending,2009
Mayo Clinic Hospital,Phoenix,AZ,Donor Network of Arizona ,pending,pending,2009
Phoenix Children's Hospital,Phoenix,AZ,Donor Network of Arizona ,pending,pending,2009
Phoenix Regional Medical Center,Phoenix,AZ,Donor Network of Arizona ,pending,pending,2009
Scottsdale Healthcare Osborn,Scottsdale,AZ,Donor Network of Arizona ,pending,pending,2009
St Josephs Hospital and Medical Center,Phoenix,AZ,Donor Network of Arizona ,pending,pending,2009
University Medical Center - University of Arizona,Tucson,AZ,Donor Network of Arizona ,pending,pending,2009
Veterans Administration Medical Center Tucson,Tucson,AZ,Donor Network of Arizona ,pending,pending,2009
State University of New York Upstate Medical University,Syracuse,NY,Finger Lakes Donor Recovery Network ,pending,pending,2009
Strong Memorial Hospital,Rochester,NY,Finger Lakes Donor Recovery Network ,pending,pending,2009
Advocate Christ Medical Center,Oak Lawn,IL,Gift of Hope Organ & Tissue Donor Network ,pending,pending,2009
Children's Memorial Hospital,Chicago,IL,Gift of Hope Organ & Tissue Donor Network ,pending,pending,2009
Evanston Hospital,Evanston,IL,Gift of Hope Organ & Tissue Donor Network ,pending,pending,2009
Hines Veterans Administration Medical Center,Maywood,IL,Gift of Hope Organ & Tissue Donor Network ,pending,pending,2009
Loyola University Medical Center,Maywood,IL,Gift of Hope Organ & Tissue Donor Network ,pending,pending,2009
Memorial Medical Center,Springfield,IL,Gift of Hope Organ & Tissue Donor Network ,pending,pending,2009
Northwestern Memorial Hospital,Chicago,IL,Gift of Hope Organ & Tissue Donor Network ,pending,pending,2009
OSF Saint Francis Medical Center,Peoria,IL,Gift of Hope Organ & Tissue Donor Network ,pending,pending,2009
Rush University Medical Center,Chicago,IL,Gift of Hope Organ & Tissue Donor Network ,pending,pending,2009
St. Johns Hospital,Springfield,IL,Gift of Hope Organ & Tissue Donor Network ,pending,pending,2009
University of Chicago Medical Center,Chicago,IL,Gift of Hope Organ & Tissue Donor Network ,pending,pending,2009
University of Illinois Medical Center,Chicago,IL,Gift of Hope Organ & Tissue Donor Network ,pending,pending,2009
Albert Einstein Medical Center,Philadelphia,PA,Gift of Life Donor Program ,pending,pending,2009
Alfred I DuPont Hospital for Children,Wilmington,DE,Gift of Life Donor Program ,pending,pending,2009
Children's Hospital of Philadelphia,Philadelphia,PA,Gift of Life Donor Program ,pending,pending,2009
Christiana Care Health Services,Newark,DE,Gift of Life Donor Program ,pending,pending,2009
Geisinger Medical Center,Danville,PA,Gift of Life Donor Program ,pending,pending,2009
Geisinger Wyoming Valley Medical Ctr,Wilkes-Barre,PA,Gift of Life Donor Program ,pending,pending,2009
Hahnemann University Hospital,Philadelphia,PA,Gift of Life Donor Program ,pending,pending,2009
Hospital of the University of Pennsylvania,Philadelphia,PA,Gift of Life Donor Program ,pending,pending,2009
Lehigh Valley Hospital,Allentown,PA,Gift of Life Donor Program ,pending,pending,2009
Penn State Milton S Hershey Medical Center,Hershey,PA,Gift of Life Donor Program ,pending,pending,2009
Pinnacle Health System at Harrisburg Hospital,Harrisburg,PA,Gift of Life Donor Program ,pending,pending,2009
St. Christopher's Hospital for Children,Philadelphia,PA,Gift of Life Donor Program ,pending,pending,2009
Temple University Hospital,Philadelphia,PA,Gift of Life Donor Program ,pending,pending,2009
The Lankenau Hospital,Wynnewood,PA,Gift of Life Donor Program ,pending,pending,2009
Thomas Jefferson University Hospital,Philadelphia,PA,Gift of Life Donor Program ,pending,pending,2009
Borgess Medical Center,Kalamazoo,MI,Gift of Life Michigan ,pending,pending,2009
Children's Hospital of Michigan,Detroit,MI,Gift of Life Michigan ,pending,pending,2009
Grace Hospital,Detroit,MI,Gift of Life Michigan ,pending,pending,2009
Harper University Hospital Detroit Medical Center,Detroit,MI,Gift of Life Michigan ,pending,pending,2009
Helen DeVos Children's Hospital,Grand Rapids,MI,Gift of Life Michigan ,pending,pending,2009
Henry Ford Hospital,Detroit,MI,Gift of Life Michigan ,pending,pending,2009
Hurley Medical Center,Flint,MI,Gift of Life Michigan ,pending,pending,2009
St John Hospital and Medical Center,Detroit,MI,Gift of Life Michigan ,pending,pending,2009
St. Mary's Health Care - Main Hospital,Grand Rapids,MI,Gift of Life Michigan ,pending,pending,2009
University of Michigan Medical Center,Ann Arbor,MI,Gift of Life Michigan ,pending,pending,2009
William Beaumont Hospital,Royal Oak,MI,Gift of Life Michigan ,pending,pending,2009
Santa Rosa Memorial Hospital,Santa Rosa,CA,Golden State Donor Services ,pending,pending,2009
Summit Medical Center,Oakland,CA,Golden State Donor Services ,pending,pending,2009
Sutter Memorial Hospital,Sacramento,CA,Golden State Donor Services ,pending,pending,2009
University of California Davis Medical Center,Sacramento,CA,Golden State Donor Services ,pending,pending,2009
Clarian Health/Methodist/Indiana U/Riley,Indianapolis,IN,Indiana Organ Procurement Organization ,pending,pending,2009
Indiana University Medical Center,Indianapolis,IN,Indiana Organ Procurement Organization ,pending,pending,2009
Lutheran Hospital of Fort Wayne,Ft Wayne,IN,Indiana Organ Procurement Organization ,pending,pending,2009
St Vincent Hospital and Health Care Center,Indianapolis,IN,Indiana Organ Procurement Organization ,pending,pending,2009
Intermountain Medical Center,Murray,UT,Intermountain Donor Services ,pending,pending,2009
Primary Children's Medical Center,Salt Lake City,UT,Intermountain Donor Services ,pending,pending,2009
Salt Lake City Veterans Administration Medical Center,Salt Lake City,UT,Intermountain Donor Services ,pending,pending,2009
University of Utah Medical Center,Salt Lake City,UT,Intermountain Donor Services ,pending,pending,2009
Iowa City VA Medical Center,Iowa City,IA,Iowa Donor Network ,pending,pending,2009
Iowa Methodist Medical Center,Des Moines,IA,Iowa Donor Network ,pending,pending,2009
Mercy Medical Center-Des Moines,Des Moines,IA,Iowa Donor Network ,pending,pending,2009
University of Iowa Hospitals and Clinics,Iowa City,IA,Iowa Donor Network ,pending,pending,2009
Columbia Audubon Hospital,Louisville,KY,Kentucky Organ Donor Affiliates ,pending,pending,2009
Jewish Hospital,Louisville,KY,Kentucky Organ Donor Affiliates ,pending,pending,2009
Kosair Children's Hospital,Louisville,KY,Kentucky Organ Donor Affiliates ,pending,pending,2009
University of Kentucky Medical Center,Lexington,KY,Kentucky Organ Donor Affiliates ,pending,pending,2009
Miami Valley Hospital,Dayton,OH,Life Connection of Ohio ,pending,pending,2009
University of Toledo Medical Center,Toledo,OH,Life Connection of Ohio ,pending,pending,2009
Akron City Hospital,Akron,OH,LifeBanc ,pending,pending,2009
Children's Hospital Medical Center of Akron,Akron,OH,LifeBanc ,pending,pending,2009
St. Elizabeth Health Center,Youngstown,OH,LifeBanc ,pending,pending,2009
The Cleveland Clinic Foundation,Cleveland,OH,LifeBanc ,pending,pending,2009
University Hospitals of Cleveland,Cleveland,OH,LifeBanc ,pending,pending,2009
Children's Hospital & Regional Medical Center,Seattle,WA,LifeCenter Northwest Organ Donation Network ,pending,pending,2009
Sacred Heart Medical Center,Spokane,WA,LifeCenter Northwest Organ Donation Network ,pending,pending,2009
Swedish Medical Center,Seattle,WA,LifeCenter Northwest Organ Donation Network ,pending,pending,2009
University of Washington Medical Center,Seattle,WA,LifeCenter Northwest Organ Donation Network ,pending,pending,2009
Virginia Mason Medical Center,Seattle,WA,LifeCenter Northwest Organ Donation Network ,pending,pending,2009
Children's Hospital Medical Center,Cincinnati,OH,LifeCenter Organ Donor Network ,pending,pending,2009
The Christ Hospital,Cincinnati,OH,LifeCenter Organ Donor Network ,pending,pending,2009
University of Cincinnati / University Hospital,Cincinnati,OH,LifeCenter Organ Donor Network ,pending,pending,2009
Baylor All Saints Medical Center,Fort Worth,TX,LifeGift Organ Donation Center ,pending,pending,2009
Baylor Medical Center Grapevine,Grapevine,TX,LifeGift Organ Donation Center ,pending,pending,2009
Cook Children's Medical Center,Fort Worth,TX,LifeGift Organ Donation Center ,pending,pending,2009
Covenant Medical Center,Lubbock,TX,LifeGift Organ Donation Center ,pending,pending,2009
Memorial Hermann Hospital - University of Texas at Houston,Houston,TX,LifeGift Organ Donation Center ,pending,pending,2009
Michael E. DeBakey VA Medical Center,Houston,TX,LifeGift Organ Donation Center ,pending,pending,2009
St Luke's Episcopal Hospital,Houston,TX,LifeGift Organ Donation Center ,pending,pending,2009
Texas Children's Hospital,Houston,TX,LifeGift Organ Donation Center ,pending,pending,2009
Texas Health Harris Methodist Fort Worth Hospital,Fort Worth,TX,LifeGift Organ Donation Center ,pending,pending,2009
The Methodist Hospital,Houston,TX,LifeGift Organ Donation Center ,pending,pending,2009
University Medical Center,Lubbock,TX,LifeGift Organ Donation Center ,pending,pending,2009
Nationwide Children's Hospital,Columbus,OH,Lifeline of Ohio ,pending,pending,2009
Ohio State University Medical Center,Columbus,OH,Lifeline of Ohio ,pending,pending,2009
All Children's Hospital,St. Petersburg,FL,LifeLink of Florida ,pending,pending,2009
Gulf Coast Medical Center,Ft Myers,FL,LifeLink of Florida ,pending,pending,2009
St Josephs Hospital,Tampa,FL,LifeLink of Florida ,pending,pending,2009
Tampa General Hospital,Tampa,FL,LifeLink of Florida ,pending,pending,2009
Children's Healthcare of Atlanta at Egleston,Atlanta,GA,LifeLink of Georgia ,pending,pending,2009
Emory University Hospital,Atlanta,GA,LifeLink of Georgia ,pending,pending,2009
Medical College of Georgia,Augusta,GA,LifeLink of Georgia ,pending,pending,2009
Piedmont Hospital,Atlanta,GA,LifeLink of Georgia ,pending,pending,2009
Saint Joseph's Hospital of Atlanta,Atlanta,GA,LifeLink of Georgia ,pending,pending,2009
Auxilio Mutuo Hospital,Hato Rey,PR,LifeLink of Puerto Rico ,pending,pending,2009
Cardiovascular Center of Puerto Rico and the Caribbean,San Juan,PR,LifeLink of Puerto Rico ,pending,pending,2009
Children's Hospital of the King's Daughters,Norfolk,VA,LifeNet Health ,pending,pending,2009
Henrico Doctors' Hospital,Richmond,VA,LifeNet Health ,pending,pending,2009
Hunter Holmes McGuire Veterans Administration Medical Center,Richmond,VA,LifeNet Health ,pending,pending,2009
Medical College of Virginia Hospitals,Richmond,VA,LifeNet Health ,pending,pending,2009
Sentara Norfolk General Hospital,Norfolk,VA,LifeNet Health ,pending,pending,2009
University of Virginia Health Sciences Center,Charlottesville,VA,LifeNet Health ,pending,pending,2009
Medical University of South Carolina,Charleston,SC,LifePoint ,pending,pending,2009
Richland Memorial Hospital,Columbia,SC,LifePoint ,pending,pending,2009
Carolinas Medical Center,Charlotte,NC,Lifeshare of the Carolinas ,pending,pending,2009
Children's Hospital of Oklahoma,Oklahoma City,OK,LifeShare Transplant Donor Services of Oklahoma ,pending,pending,2009
Hillcrest Medical Center,Tulsa,OK,LifeShare Transplant Donor Services of Oklahoma ,pending,pending,2009
Integris Baptist Medical Center,Oklahoma City,OK,LifeShare Transplant Donor Services of Oklahoma ,pending,pending,2009
OU Medical Center,Oklahoma City,OK,LifeShare Transplant Donor Services of Oklahoma ,pending,pending,2009
Saint Francis Hospital,Tulsa,OK,LifeShare Transplant Donor Services of Oklahoma ,pending,pending,2009
St John Medical Center,Tulsa,OK,LifeShare Transplant Donor Services of Oklahoma ,pending,pending,2009
St. Anthony Hospital,Oklahoma City,OK,LifeShare Transplant Donor Services of Oklahoma ,pending,pending,2009
Rady Children's Hospital and Health Center,San Diego,CA,Lifesharing - A Donate Life Organization ,pending,pending,2009
Scripps Green Hospital,La Jolla,CA,Lifesharing - A Donate Life Organization ,pending,pending,2009
Sharp Memorial Hospital,San Diego,CA,Lifesharing - A Donate Life Organization ,pending,pending,2009
University of California San Diego Medical Center,San Diego,CA,Lifesharing - A Donate Life Organization ,pending,pending,2009
Abbott Northwestern Hospital,Minneapolis,MN,LifeSource Upper Midwest Organ Procurement Organization ,pending,pending,2009
Avera McKennan Hospital,Sioux Falls,SD,LifeSource Upper Midwest Organ Procurement Organization ,pending,pending,2009
Children's Health Care Minneapolis,Minneapolis,MN,LifeSource Upper Midwest Organ Procurement Organization ,pending,pending,2009
Dakota Heartland Health System,Fargo,ND,LifeSource Upper Midwest Organ Procurement Organization ,pending,pending,2009
Hennepin County Medical Center,Minneapolis,MN,LifeSource Upper Midwest Organ Procurement Organization ,pending,pending,2009
Medcenter One Health Systems,Bismarck,ND,LifeSource Upper Midwest Organ Procurement Organization ,pending,pending,2009
MeritCare Hospital,Fargo,ND,LifeSource Upper Midwest Organ Procurement Organization ,pending,pending,2009
Metropolitan Mount Sinai Medical Center,Minneapolis,MN,LifeSource Upper Midwest Organ Procurement Organization ,pending,pending,2009
Rochester Methodist Hospital (Mayo Clinic),Rochester,MN,LifeSource Upper Midwest Organ Procurement Organization ,pending,pending,2009
Saint Marys Hospital (Mayo Clinic),Rochester,MN,LifeSource Upper Midwest Organ Procurement Organization ,pending,pending,2009
Sanford Health/USD Medical Center,Sioux Falls,SD,LifeSource Upper Midwest Organ Procurement Organization ,pending,pending,2009
University of Minnesota Medical Center - Fairview,Minneapolis,MN,LifeSource Upper Midwest Organ Procurement Organization ,pending,pending,2009
Veterans Administration Medical Center Minneapolis,Minneapolis,MN,LifeSource Upper Midwest Organ Procurement Organization ,pending,pending,2009
Children's Hospital,New Orleans,LA,Louisiana Organ Procurement Agency ,pending,pending,2009
Kenner Regional Medical Center,Kenner,LA,Louisiana Organ Procurement Agency ,pending,pending,2009
Lakeview Regional Medical Center,Covington,LA,Louisiana Organ Procurement Agency ,pending,pending,2009
Lindy Boggs Medical Center,New Orleans,LA,Louisiana Organ Procurement Agency ,pending,pending,2009
Louisiana State University Medical Center Shreveport,Shreveport,LA,Louisiana Organ Procurement Agency ,pending,pending,2009
Ochsner Foundation Hospital,New Orleans,LA,Louisiana Organ Procurement Agency ,pending,pending,2009
Schumpert Health System,Shreveport,LA,Louisiana Organ Procurement Agency ,pending,pending,2009
Tulane Medical Center,New Orleans,LA,Louisiana Organ Procurement Agency ,pending,pending,2009
University Hospital,New Orleans,LA,Louisiana Organ Procurement Agency ,pending,pending,2009
University Medical Center,Lafayette,LA,Louisiana Organ Procurement Agency ,pending,pending,2009
Willis Knighton Medical Center,Shreveport,LA,Louisiana Organ Procurement Agency ,pending,pending,2009
Barnes-Jewish Hospital,St. Louis,MO,Mid-America Transplant Services ,pending,pending,2009
Cardinal Glennon Children's Hospital,St. Louis,MO,Mid-America Transplant Services ,pending,pending,2009
DePaul Health Center,Bridgeton,MO,Mid-America Transplant Services ,pending,pending,2009
John Cochran Veterans Administration Hospital,St Louis,MO,Mid-America Transplant Services ,pending,pending,2009
Saint Louis University Hospital,St Louis,MO,Mid-America Transplant Services ,pending,pending,2009
St Francis Hospital and Medical Center,Topeka,KS,Mid-America Transplant Services ,pending,pending,2009
St Johns Mercy Medical Center,St Louis,MO,Mid-America Transplant Services ,pending,pending,2009
St. Louis Children's Hospital,St Louis,MO,Mid-America Transplant Services ,pending,pending,2009
Baptist Memorial Hospital,Memphis,TN,Mid-South Transplant Foundation ,pending,pending,2009
Le Bonheur Children's Medical Center,Memphis,TN,Mid-South Transplant Foundation ,pending,pending,2009
Methodist University Hospital,Memphis,TN,Mid-South Transplant Foundation ,pending,pending,2009
Univ of Tennessee Med Center,Memphis,TN,Mid-South Transplant Foundation ,pending,pending,2009
Menorah Medical Center,Kansas City,MO,Midwest Transplant Network ,pending,pending,2009
Research Medical Center,Kansas City,MO,Midwest Transplant Network ,pending,pending,2009
St Johns Regional Medical Center,Joplin,MO,Midwest Transplant Network ,pending,pending,2009
St Lukes Hospital of Kansas City,Kansas City,MO,Midwest Transplant Network ,pending,pending,2009
The Children's Mercy Hospital,Kansas City,MO,Midwest Transplant Network ,pending,pending,2009
University of Kansas Hospital,Kansas City,KS,Midwest Transplant Network ,pending,pending,2009
University of Missouri Hospital and Clinics,Columbia,MO,Midwest Transplant Network ,pending,pending,2009
Via Christi Regional Medical Center - St. Francis Campus,Wichita,KS,Midwest Transplant Network ,pending,pending,2009
University of Mississippi Medical Center,Jackson,MS,Mississippi Organ Recovery Agency ,pending,pending,2009
BryanLGH Medical Center East,Lincoln,NE,Nebraska Organ Recovery System ,pending,pending,2009
Nebraska Health System Clarkson Hospital,Omaha,NE,Nebraska Organ Recovery System ,pending,pending,2009
Saint Joseph Hospital at Creighton University Medical Center,Omaha,NE,Nebraska Organ Recovery System ,pending,pending,2009
The Nebraska Medical Center,Omaha,NE,Nebraska Organ Recovery System ,pending,pending,2009
Sunrise Hospital and Medical Center,Las Vegas,NV,Nevada Donor Network ,pending,pending,2009
University Medical Center of Southern Nevada,Las Vegas,NV,Nevada Donor Network ,pending,pending,2009
Beth Israel Deaconess Medical Center,Boston,MA,New England Organ Bank ,pending,pending,2009
Boston Medical Center,Boston,MA,New England Organ Bank ,pending,pending,2009
Boston Veterans Administration Medical Center,Boston,MA,New England Organ Bank ,pending,pending,2009
Brigham and Women's Hospital,Boston,MA,New England Organ Bank ,pending,pending,2009
Children's Hospital,Boston,MA,New England Organ Bank ,pending,pending,2009
Lahey Clinic Medical Center,Burlington,MA,New England Organ Bank ,pending,pending,2009
Maine Medical Center,Portland,ME,New England Organ Bank ,pending,pending,2009
Mary Hitchcock Memorial Hospital,Lebanon,NH,New England Organ Bank ,pending,pending,2009
Massachusetts General Hospital,Boston,MA,New England Organ Bank ,pending,pending,2009
New England Deaconess Hospital,Boston,MA,New England Organ Bank ,pending,pending,2009
Rhode Island Hospital,Providence,RI,New England Organ Bank ,pending,pending,2009
Tufts Medical Center,Boston,MA,New England Organ Bank ,pending,pending,2009
University of Massachusetts Memorial Medical Center,Worcester,MA,New England Organ Bank ,pending,pending,2009
Yale New Haven Hospital,New Haven,CT,New England Organ Bank ,pending,pending,2009
Hackensack University Medical Center,Hackensack,NJ,New Jersey Organ and Tissue Sharing Network OPO ,pending,pending,2009
Newark Beth Israel Medical Center,Newark,NJ,New Jersey Organ and Tissue Sharing Network OPO ,pending,pending,2009
Our Lady of Lourdes Medical Center,Camden,NJ,New Jersey Organ and Tissue Sharing Network OPO ,pending,pending,2009
Robert Wood Johnson University Hospital,New Brunswick,NJ,New Jersey Organ and Tissue Sharing Network OPO ,pending,pending,2009
Saint Barnabas Medical Center,Livingston,NJ,New Jersey Organ and Tissue Sharing Network OPO ,pending,pending,2009
University Hospital,Newark,NJ,New Jersey Organ and Tissue Sharing Network OPO ,pending,pending,2009
Presbyterian Hospital,Albuquerque,NM,New Mexico Donor Services ,pending,pending,2009
University Hospital,Albuquerque,NM,New Mexico Donor Services ,pending,pending,2009
Montefiore Medical Center,Bronx,NY,New York Organ Donor Network ,pending,pending,2009
Mount Sinai Medical Center,New York,NY,New York Organ Donor Network ,pending,pending,2009
New York University Medical Center,New York,NY,New York Organ Donor Network ,pending,pending,2009
North Shore University Hospital,Manhasset,NY,New York Organ Donor Network ,pending,pending,2009
NY Presb Hosp/Cornell/Rogosin,New York,NY,New York Organ Donor Network ,pending,pending,2009
NY Presbyterian Hospital/Columbia Univ. Medical Center,New York,NY,New York Organ Donor Network ,pending,pending,2009
St. Luke's Roosevelt Hospital Center,New York,NY,New York Organ Donor Network ,pending,pending,2009
State University of New York - Downstate Medical Center,Brooklyn,NY,New York Organ Donor Network ,pending,pending,2009
University Hosp of SUNY,Stony Brook,NY,New York Organ Donor Network ,pending,pending,2009
Westchester Medical Center,Valhalla,NY,New York Organ Donor Network ,pending,pending,2009
Arrowhead Regional Medical Center,Colton,CA,OneLegacy ,pending,pending,2009
Cedars-Sinai Medical Center,Los Angeles,CA,OneLegacy ,pending,pending,2009
Children's Hospital Los Angeles,Los Angeles,CA,OneLegacy ,pending,pending,2009
City of Hope National Medical Center,Duarte,CA,OneLegacy ,pending,pending,2009
Harbor UCLA Medical Center,Torrance,CA,OneLegacy ,pending,pending,2009
Loma Linda University Medical Center,Loma Linda,CA,OneLegacy ,pending,pending,2009
Riverside Community Hospital,Riverside,CA,OneLegacy ,pending,pending,2009
Saint Bernardine Medical Center,San Bernardino,CA,OneLegacy ,pending,pending,2009
Saint Joseph Hospital,Orange,CA,OneLegacy ,pending,pending,2009
St Mary Medical Center,Long Beach,CA,OneLegacy ,pending,pending,2009
St. Vincent Medical Center,Los Angeles,CA,OneLegacy ,pending,pending,2009
University of California at Los Angeles Medical Center,Los Angeles,CA,OneLegacy ,pending,pending,2009
University of California Irvine Medical Center,Orange,CA,OneLegacy ,pending,pending,2009
University of Southern California University Hospital,Los Angeles,CA,OneLegacy ,pending,pending,2009
Western Medical Center,Santa Ana,CA,OneLegacy ,pending,pending,2009
Hawaii Medical Center- East,Honolulu,HI,Organ Donor Center of Hawaii ,pending,pending,2009
Legacy Good Samaritan Hospital and Medical Center,Portland,OR,Pacific Northwest Transplant Bank ,pending,pending,2009
Oregon Health & Sciences University,Portland,OR,Pacific Northwest Transplant Bank ,pending,pending,2009
Portland Veterans Administration Medical Center,Portland,OR,Pacific Northwest Transplant Bank ,pending,pending,2009
Providence Portland Medical Center,Portland,OR,Pacific Northwest Transplant Bank ,pending,pending,2009
St Vincent Hospital and Medical Center,Portland,OR,Pacific Northwest Transplant Bank ,pending,pending,2009
Baylor University Medical Center,Dallas,TX,Southwest Transplant Alliance ,pending,pending,2009
Children's Medical Center of Dallas,Dallas,TX,Southwest Transplant Alliance ,pending,pending,2009
Driscoll Children's Hospital,Corpus Christi,TX,Southwest Transplant Alliance ,pending,pending,2009
East Texas Medical Center,Tyler,TX,Southwest Transplant Alliance ,pending,pending,2009
Las Palmas Medical Center,El Paso,TX,Southwest Transplant Alliance ,pending,pending,2009
Medical City Dallas Hospital,Dallas,TX,Southwest Transplant Alliance ,pending,pending,2009
Methodist Dallas Medical Center,Dallas,TX,Southwest Transplant Alliance ,pending,pending,2009
Parkland Memorial Hospital,Dallas,TX,Southwest Transplant Alliance ,pending,pending,2009
Scott and White Memorial Hospital,Temple,TX,Southwest Transplant Alliance ,pending,pending,2009
Sierra Medical Center,El Paso,TX,Southwest Transplant Alliance ,pending,pending,2009
University Hospital - St. Paul,Dallas,TX,Southwest Transplant Alliance ,pending,pending,2009
University of Texas Medical Branch at Galveston,Galveston,TX,Southwest Transplant Alliance ,pending,pending,2009
Centennial Medical Center,Nashville,TN,Tennessee Donor Services ,pending,pending,2009
Erlanger Medical Center,Chattanooga,TN,Tennessee Donor Services ,pending,pending,2009
Johnson City Medical Center Hospital,Johnson City,TN,Tennessee Donor Services ,pending,pending,2009
Nashville Veterans Administration Hospital,Nashville,TN,Tennessee Donor Services ,pending,pending,2009
Saint Thomas Hospital,Nashville,TN,Tennessee Donor Services ,pending,pending,2009
University of Tennessee Medical Center at Knoxville,Knoxville,TN,Tennessee Donor Services ,pending,pending,2009
Vanderbilt University Medical Center,Nashville,TN,Tennessee Donor Services ,pending,pending,2009
Brackenridge Hospital,Austin,TX,Texas Organ Sharing Alliance ,pending,pending,2009
Brooke Army Medical Center,Fort Sam Houston,TX,Texas Organ Sharing Alliance ,pending,pending,2009
Christus Santa Rosa Medical Center,San Antonio,TX,Texas Organ Sharing Alliance ,pending,pending,2009
McAllen Medical Center,McAllen,TX,Texas Organ Sharing Alliance ,pending,pending,2009
Methodist Children's Hospital of South Texas,San Antonio,TX,Texas Organ Sharing Alliance ,pending,pending,2009
Methodist Specialty and Transplant Hospital,San Antonio,TX,Texas Organ Sharing Alliance ,pending,pending,2009
North Austin Medical Center,Austin,TX,Texas Organ Sharing Alliance ,pending,pending,2009
Seton Medical Center,Austin,TX,Texas Organ Sharing Alliance ,pending,pending,2009
University Hospital,San Antonio,TX,Texas Organ Sharing Alliance ,pending,pending,2009
Wilford Hall Medical Center,Lackland AFB,TX,Texas Organ Sharing Alliance ,pending,pending,2009
Johns Hopkins Bayview Medical Center,Baltimore,MD,The Living Legacy Foundation of Maryland ,pending,pending,2009
Johns Hopkins Hospital,Baltimore,MD,The Living Legacy Foundation of Maryland ,pending,pending,2009
University of Maryland Medical System,Baltimore,MD,The Living Legacy Foundation of Maryland ,pending,pending,2009
Bert Fish Medical Center,New Smyrna Beach,FL,TransLife ,pending,pending,2009
Broward General Medical Center,Ft. Lauderdale,FL,TransLife ,pending,pending,2009
Cleveland Clinic Hospital Florida,Weston,FL,TransLife ,pending,pending,2009
Florida Hospital Medical Center,Orlando,FL,TransLife ,pending,pending,2009
Halifax Medical Center,Daytona Beach,FL,TransLife ,pending,pending,2009
Jackson Memorial Hospital University of Miami School of Medicine,Miami,FL,TransLife ,pending,pending,2009
Mayo Clinic Florida,Jacksonville,FL,TransLife ,pending,pending,2009
Miami Children's Hospital,Miami,FL,TransLife ,pending,pending,2009
Shands Hospital at The University of Florida,Gainesville,FL,TransLife ,pending,pending,2009
Shands Jacksonville,Jacksonville,FL,TransLife ,pending,pending,2009
Tallahassee Memorial Hospital,Tallahassee,FL,TransLife ,pending,pending,2009
University Medical Center,Jacksonville,FL,TransLife ,pending,pending,2009
University of Wisconsin Hospital and Clinics,Madison,WI,University of Wisconsin Organ Procurement Organization ,pending,pending,2009
Buffalo General Hospital/ Children's Hospital,Buffalo,NY,Upstate New York Transplant Services Inc ,pending,pending,2009
Buffalo Veterans Administration Medical Center,Buffalo,NY,Upstate New York Transplant Services Inc ,pending,pending,2009
Children's Hospital of Buffalo,Buffalo,NY,Upstate New York Transplant Services Inc ,pending,pending,2009
Erie County Medical Center,Buffalo,NY,Upstate New York Transplant Services Inc ,pending,pending,2009
Children's National Medical Center,Washington,DC,Washington Regional Transplant Community ,pending,pending,2009
George Washington University Medical Center,Washington,DC,Washington Regional Transplant Community ,pending,pending,2009
Georgetown University Medical Center,Washington,DC,Washington Regional Transplant Community ,pending,pending,2009
Howard University Hospital,Washington,DC,Washington Regional Transplant Community ,pending,pending,2009
Inova Fairfax Hospital,Falls Church,VA,Washington Regional Transplant Community ,pending,pending,2009
Providence Hospital,Washington,DC,Washington Regional Transplant Community ,pending,pending,2009
Shady Grove Adventist Hospital,Rockville,MD,Washington Regional Transplant Community ,pending,pending,2009
Walter Reed Army Medical Center,Washington,DC,Washington Regional Transplant Community ,pending,pending,2009
Warren Grant Magnuson Clinical Ctr,Bethesda,MD,Washington Regional Transplant Community ,pending,pending,2009
Washington Hospital Center,Washington,DC,Washington Regional Transplant Community ,pending,pending,2009
Aurora St. Luke's Medical Center,Milwaukee,WI,Wisconsin Donor Network ,pending,pending,2009
Children's Hospital of Wisconsin,Milwaukee,WI,Wisconsin Donor Network ,pending,pending,2009
Froedtert Memorial Lutheran Hospital,Milwaukee,WI,Wisconsin Donor Network ,pending,pending,2009
John L Doyne Hosp,Milwaukee,WI,Wisconsin Donor Network ,pending,pending,2009
Zablocki Veterans Administration Medical Center,Milwaukee,WI,Wisconsin Donor Network ,pending,pending,2009
Baystate Medical Center,Springfield,MA,LifeChoice Donor Services ,pending,pending,2009
Hartford Hospital,Hartford,CT,LifeChoice Donor Services ,pending,pending,2009
Children's of Alabama,Birmingham,AL,Alabama Organ Center,ALCH,01P001,2021
University of Alabama Hospital,Birmingham,AL,Alabama Organ Center,ALUA,01P001,2021
Birmingham VA Medical Center,Birmingham,AL,Alabama Organ Center,ALVA,01P001,2021
Baptist Medical Center,Little Rock,AR,Arkansas Regional Organ Recovery Agency,ARBH,04P001,2021
Arkansas Children's Hospital,Little Rock,AR,Arkansas Regional Organ Recovery Agency,ARCH,04P001,2021
UAMS Medical Center,Little Rock,AR,Arkansas Regional Organ Recovery Agency,ARUA,04P001,2021
Phoenix Children's Hospital,Phoenix,AZ,Donor Network of Arizona,AZCH,03P001,2021
Banner-University Medical Center Phoenix,Phoenix,AZ,Donor Network of Arizona,AZGS,03P001,2021
Mayo Clinic Hospital,Phoenix,AZ,Donor Network of Arizona,AZMC,03P001,2021
St. Joseph's Hospital and Medical Center,Phoenix,AZ,Donor Network of Arizona,AZSJ,03P001,2021
Banner University Medical Center-Tucson,Phoenix,AZ,Donor Network of Arizona,AZUA,03P001,2021
Rady Children's Hospital and Health Center,San Diego,CA,Lifesharing - A Donate Life Organization,CACH,05P001,2021
Childrens Hospital Los Angeles,Los Angeles,CA,OneLegacy,CACL,05P003,2021
Cedars-Sinai Medical Center,Los Angeles,CA,OneLegacy,CACS,05P003,2021
Scripps Green Hospital,San Diego,CA,Lifesharing - A Donate Life Organization,CAGH,05P001,2021
City of Hope National Medical Center,Los Angeles,CA,OneLegacy,CAHP,05P003,2021
University of California Irvine Medical Center,Los Angeles,CA,OneLegacy,CAIM,05P003,2021
Harbor UCLA Medical Center,Los Angeles,CA,OneLegacy,CALA,05P003,2021
Loma Linda University Medical Center,Los Angeles,CA,OneLegacy,CALL,05P003,2021
UCSF Medical Center at Mission Bay,San Ramon,CA,Donor Network West,CAMB,05P005,2021
Lucile Salter Packard Children's Hospital at Stanford,San Ramon,CA,Donor Network West,CAPC,05P005,2021
California Pacific Medical Center,San Ramon,CA,Donor Network West,CAPM,05P005,2021
Riverside Community Hospital,Los Angeles,CA,OneLegacy,CARC,05P003,2021
University of California San Diego Medical Center,San Diego,CA,Lifesharing - A Donate Life Organization,CASD,05P001,2021
University of California San Francisco Medical Center,San Ramon,CA,Donor Network West,CASF,05P005,2021
Sutter Meidcal Center Sacramento,West Sacramento,CA,Sierra Donor Services,CASG,05P004,2021
Sharp Memorial Hospital,San Diego,CA,Lifesharing - A Donate Life Organization,CASH,05P001,2021
Saint Joseph Hospital,Los Angeles,CA,OneLegacy,CASJ,05P003,2021
University of California Davis Medical Center,West Sacramento,CA,Sierra Donor Services,CASM,05P004,2021
Stanford Health Care,San Ramon,CA,Donor Network West,CASU,05P005,2021
St. Vincent Medical Center,Los Angeles,CA,OneLegacy,CASV,05P003,2021
University of California at Los Angeles Medical Center,Los Angeles,CA,OneLegacy,CAUC,05P003,2021
Keck Hospital of USC,Los Angeles,CA,OneLegacy,CAUH,05P003,2021
Children's Hospital Colorado,Denver,CO,Donor Alliance,COCH,06P001,2021
Centura Porter Adventist Hospital,Denver,CO,Donor Alliance,COPM,06P001,2021
Presbyterian/St Luke's Medical Center,Denver,CO,Donor Alliance,COSL,06P001,2021
University of Colorado Hospital/Health Science Center,Denver,CO,Donor Alliance,COUC,06P001,2021
Hartford Hospital,Bloomfield,CT,LifeChoice Donor Services,CTHH,07P001,2021
Yale New Haven Hospital,Waltham,MA,New England Organ Bank,CTYN,22P001,2021
Children's National Medical Center,Falls Church,VA,Washington Regional Transplant Community,DCCH,49P003,2021
Georgetown University Medical Center,Falls Church,VA,Washington Regional Transplant Community,DCGU,49P003,2021
George Washington University Hospital,Falls Church,VA,Washington Regional Transplant Community,DCGW,49P003,2021
Washington Hospital Center,Falls Church,VA,Washington Regional Transplant Community,DCWH,49P003,2021
Walter Reed National Military Medical Center at Bethesda,Falls Church,VA,Washington Regional Transplant Community,DCWR,49P003,2021
Alfred I duPont Hospital for Children,Philadelphia,PA,Gift of Life Donor Program,DEAI,39P001,2021
Christiana Care Health Services,Philadelphia,PA,Gift of Life Donor Program,DECC,39P001,2021
Johns Hopkins All Children's Hospital,Tampa,FL,LifeLink of Florida,FLAC,10P001,2021
Broward General Medical Center,Miami,FL,Life Alliance Organ Recovery Agency,FLBC,10P002,2021
Cleveland Clinic Florida Weston,Miami,FL,Life Alliance Organ Recovery Agency,FLCC,10P002,2021
Florida Hospital Medical Center,Winter Park,FL,TransLife,FLFH,10P003,2021
Gulf Coast Medical Center,Tampa,FL,LifeLink of Florida,FLFR,10P001,2021
Halifax Medical Center,Winter Park,FL,TransLife,FLHM,10P003,2021
Memorial Regional Hospital/Joe DiMaggio Children's Hospital,Miami,FL,Life Alliance Organ Recovery Agency,FLJD,10P002,2021
Jackson Memorial Hospital University of Miami School of Medicine,Miami,FL,Life Alliance Organ Recovery Agency,FLJM,10P002,2021
Largo Medical Center,Tampa,FL,LifeLink of Florida,FLLM,10P001,2021
Memorial Regional Hospital,Miami,FL,Life Alliance Organ Recovery Agency,FLMR,10P002,2021
Sacred Heart Hospital Pensacola,Gainesville,FL,LifeQuest Organ Recovery Services,FLSH,10P004,2021
Mayo Clinic Florida,Gainesville,FL,LifeQuest Organ Recovery Services,FLSL,10P004,2021
Tampa General Hospital,Tampa,FL,LifeLink of Florida,FLTG,10P001,2021
UF Health Shands Hospital,Gainesville,FL,LifeQuest Organ Recovery Services,FLUF,10P004,2021
Children's Healthcare of Atlanta at Egleston,Peachtree Corners,GA,LifeLink of Georgia,GAEH,11P002,2021
Emory University Hospital,Peachtree Corners,GA,LifeLink of Georgia,GAEM,11P002,2021
"AU Medical Center, Inc.",Peachtree Corners,GA,LifeLink of Georgia,GAMC,11P002,2021
Piedmont Hospital,Peachtree Corners,GA,LifeLink of Georgia,GAPH,11P002,2021
The Queen's Medical Center,Honolulu,HI,Legacy of Life Hawaii,HIQM,12P001,2021
Iowa Methodist Medical Center,North Liberty,IA,Iowa Donor Network,IAIM,16P001,2021
University of Iowa Hospitals and Clinics Transplant Programs,North Liberty,IA,Iowa Donor Network,IAIV,16P001,2021
Mercy Medical Center-Des Moines,North Liberty,IA,Iowa Donor Network,IAMH,16P001,2021
The Iowa City VA Health Care System,North Liberty,IA,Iowa Donor Network,IAVA,16P001,2021
Advocate Christ Medical Center,Itasca,IL,Gift of Hope Organ & Tissue Donor Network,ILCH,14P001,2021
Ann & Robert H. Lurie Children's Hospital of Chicago,Itasca,IL,Gift of Hope Organ & Tissue Donor Network,ILCM,14P001,2021
Loyola University Medical Center,Itasca,IL,Gift of Hope Organ & Tissue Donor Network,ILLU,14P001,2021
Memorial Medical Center,Itasca,IL,Gift of Hope Organ & Tissue Donor Network,ILMM,14P001,2021
Northwestern Memorial Hospital,Itasca,IL,Gift of Hope Organ & Tissue Donor Network,ILNM,14P001,2021
Rush University Medical Center,Itasca,IL,Gift of Hope Organ & Tissue Donor Network,ILPL,14P001,2021
OSF Saint Francis Medical Center,Itasca,IL,Gift of Hope Organ & Tissue Donor Network,ILSF,14P001,2021
University of Chicago Medical Center,Itasca,IL,Gift of Hope Organ & Tissue Donor Network,ILUC,14P001,2021
University of Illinois Medical Center,Itasca,IL,Gift of Hope Organ & Tissue Donor Network,ILUI,14P001,2021
Indiana University Health,Indianapolis,IN,Indiana Donor Network,INIM,15P001,2021
Lutheran Hospital of Fort Wayne,Indianapolis,IN,Indiana Donor Network,INLH,15P001,2021
St Vincent Hospital and Health Care Center,Indianapolis,IN,Indiana Donor Network,INSV,15P001,2021
University of Kansas Hospital,Westwood,KS,Midwest Transplant Network,KSUK,17P001,2021
Jewish Hospital,Louisville,KY,Kentucky Organ Donor Affiliates,KYJH,18P001,2021
Norton Children's Hospital,Louisville,KY,Kentucky Organ Donor Affiliates,KYKC,18P001,2021
University of Kentucky Medical Center,Louisville,KY,Kentucky Organ Donor Affiliates,KYUK,18P001,2021
Children's Hospital,Metairie,LA,Louisiana Organ Procurement Agency,LACH,19P001,2021
Ochsner Foundation Hospital,Metairie,LA,Louisiana Organ Procurement Agency,LAOF,19P001,2021
Tulane Medical Center,Metairie,LA,Louisiana Organ Procurement Agency,LATU,19P001,2021
Willis-Knighton Medical Center,Metairie,LA,Louisiana Organ Procurement Agency,LAWK,19P001,2021
Beth Israel Deaconess Medical Center,Waltham,MA,New England Organ Bank,MABI,22P001,2021
Baystate Medical Center,Bloomfield,CT,LifeChoice Donor Services,MABS,07P001,2021
Boston Medical Center,Waltham,MA,New England Organ Bank,MABU,22P001,2021
Boston Children's Hospital,Waltham,MA,New England Organ Bank,MACH,22P001,2021
Lahey Clinic Medical Center,Waltham,MA,New England Organ Bank,MALC,22P001,2021
Massachusetts General Hospital,Waltham,MA,New England Organ Bank,MAMG,22P001,2021
Tufts Medical Center,Waltham,MA,New England Organ Bank,MANM,22P001,2021
Brigham and Women's Hospital,Waltham,MA,New England Organ Bank,MAPB,22P001,2021
UMass Memorial Medical Center,Waltham,MA,New England Organ Bank,MAUM,22P001,2021
Johns Hopkins Hospital,Baltimore,MD,The Living Legacy Foundation of Maryland,MDJH,21P001,2021
University of Maryland Medical System,Baltimore,MD,The Living Legacy Foundation of Maryland,MDUM,21P001,2021
Maine Medical Center,Waltham,MA,New England Organ Bank,MEMC,22P001,2021
William Beaumont Hospital,Ann Arbor,MI,Gift of Life Michigan,MIBH,23P001,2021
Children's Hospital of Michigan,Ann Arbor,MI,Gift of Life Michigan,MICH,23P001,2021
Helen DeVos Children's Hospital,Ann Arbor,MI,Gift of Life Michigan,MIDV,23P001,2021
Henry Ford Hospital,Ann Arbor,MI,Gift of Life Michigan,MIHF,23P001,2021
Harper University Hospital Detroit Medical Center,Ann Arbor,MI,Gift of Life Michigan,MIHH,23P001,2021
Spectrum Health,Ann Arbor,MI,Gift of Life Michigan,MISH,23P001,2021
St John Hospital and Medical Center,Ann Arbor,MI,Gift of Life Michigan,MISJ,23P001,2021
Mercy Health Saint Mary’s,Ann Arbor,MI,Gift of Life Michigan,MISM,23P001,2021
University of Michigan Medical Center,Ann Arbor,MI,Gift of Life Michigan,MIUM,23P001,2021
Abbott Northwestern Hospital,Minneapolis,MN,LifeSource Upper Midwest Organ Procurement Organization,MNAN,24P001,2021
Hennepin County Medical Center,Minneapolis,MN,LifeSource Upper Midwest Organ Procurement Organization,MNHC,24P001,2021
Rochester Methodist Hospital (Mayo Clinic),Minneapolis,MN,LifeSource Upper Midwest Organ Procurement Organization,MNMC,24P001,2021
Saint Marys Hospital (Mayo Clinic),Minneapolis,MN,LifeSource Upper Midwest Organ Procurement Organization,MNSM,24P001,2021
"University of Minnesota Medical Center, Fairview",Minneapolis,MN,LifeSource Upper Midwest Organ Procurement Organization,MNUM,24P001,2021
Barnes-Jewish Hospital,Saint Louis,MO,Mid-America Transplant Services,MOBH,26P002,2021
Cardinal Glennon Children's Hospital,Saint Louis,MO,Mid-America Transplant Services,MOCG,26P002,2021
St. Louis Children's Hospital at Washington University Medical Center,Saint Louis,MO,Mid-America Transplant Services,MOCH,26P002,2021
Children's Mercy Hospital,Westwood,KS,Midwest Transplant Network,MOCM,17P001,2021
St Luke's Hospital of Kansas City,Westwood,KS,Midwest Transplant Network,MOLH,17P001,2021
Research Medical Center,Westwood,KS,Midwest Transplant Network,MORH,17P001,2021
SSM Health Saint Louis University Hospital,Saint Louis,MO,Mid-America Transplant Services,MOSL,26P002,2021
University of Missouri Hospital and Clinics,Westwood,KS,Midwest Transplant Network,MOUM,17P001,2021
University of Mississippi Medical Center,Flowood,MS,Mississippi Organ Recovery Agency,MSUM,25P001,2021
Wake Forest Baptist Medical Center,Greenville,NC,Carolina Donor Services,NCBG,34P001,2021
Carolinas Medical Center,Charlotte,NC,LifeShare of the Carolinas,NCCM,34P003,2021
Duke University Hospital,Greenville,NC,Carolina Donor Services,NCDU,34P001,2021
Vidant Medical Center,Greenville,NC,Carolina Donor Services,NCEC,34P001,2021
University of North Carolina Hospitals,Greenville,NC,Carolina Donor Services,NCMH,34P001,2021
Sanford Bismarck Medical Center,Minneapolis,MN,LifeSource Upper Midwest Organ Procurement Organization,NDMC,24P001,2021
Sanford Medical Center Fargo,Minneapolis,MN,LifeSource Upper Midwest Organ Procurement Organization,NDSL,24P001,2021
Children's Hospital & Medical Center,Omaha,NE,Nebraska Organ Recovery System,NECH,28P001,2021
The Nebraska Medical Center,Omaha,NE,Nebraska Organ Recovery System,NEUN,28P001,2021
Mary Hitchcock Memorial Hospital,Waltham,MA,New England Organ Bank,NHDH,22P001,2021
Newark Beth Israel Medical Center,New Providence,NJ,New Jersey Organ and Tissue Sharing Network OPO,NJBI,31P001,2021
Hackensack University Medical Center,New Providence,NJ,New Jersey Organ and Tissue Sharing Network OPO,NJHK,31P001,2021
Our Lady of Lourdes Medical Center,Philadelphia,PA,Gift of Life Donor Program,NJLL,39P001,2021
Robert Wood Johnson University Hospital,New Providence,NJ,New Jersey Organ and Tissue Sharing Network OPO,NJRW,31P001,2021
Saint Barnabas Medical Center,New Providence,NJ,New Jersey Organ and Tissue Sharing Network OPO,NJSB,31P001,2021
University Hospital,New Providence,NJ,New Jersey Organ and Tissue Sharing Network OPO,NJUH,31P001,2021
"University Hospital, University of New Mexico Health Sciences Center",Albuquerque,NM,New Mexico Donor Services,NMAQ,32P001,2021
Presbyterian Hospital,Albuquerque,NM,New Mexico Donor Services,NMPH,32P001,2021
University Medical Center of Southern Nevada,Las Vegas,NV,Nevada Donor Network,NVUM,29P001,2021
Albany Medical Center Hospital,Albany,NY,Center for Donation and Transplant,NYAM,33P004,2021
Long Island Jewish Medical Center-Cohen Children's Medical Center,New York,NY,LiveOnNY,NYCC,33P003,2021
NY Presbyterian Hospital/Columbia Univ. Medical Center,New York,NY,LiveOnNY,NYCP,33P003,2021
"State University of New York, Downstate Medical Center",New York,NY,LiveOnNY,NYDS,33P003,2021
Erie County Medical Center,Buffalo,NY,Upstate New York Transplant Services Inc,NYEC,33P001,2021
"Strong Memorial Hospital, University of Rochester Medical Center",Rochester,NY,Finger Lakes Donor Recovery Network,NYFL,33P005,2021
Montefiore Medical Center,New York,NY,LiveOnNY,NYMA,33P003,2021
Mount Sinai Medical Center,New York,NY,LiveOnNY,NYMS,33P003,2021
North Shore University Hospital/Northwell Health,New York,NY,LiveOnNY,NYNS,33P003,2021
New York-Presbyterian Hospital/Weill Cornell Medical Center,New York,NY,LiveOnNY,NYNY,33P003,2021
University Hospital of State University of New York at Stony Brook,New York,NY,LiveOnNY,NYSB,33P003,2021
New York University Medical Center,New York,NY,LiveOnNY,NYUC,33P003,2021
State University of New York Upstate Medical University,Rochester,NY,Finger Lakes Donor Recovery Network,NYUM,33P005,2021
James J. Peters VA Medical Center,New York,NY,LiveOnNY,NYVA,33P003,2021
Westchester Medical Center,New York,NY,LiveOnNY,NYWC,33P003,2021
The Cleveland Clinic Foundation,Cleveland,OH,Lifebanc,OHCC,36P002,2021
Nationwide Children's Hospital,Columbus,OH,Lifeline of Ohio,OHCH,36P005,2021
Children's Hospital Medical Center,Cincinnati,OH,LifeCenter Organ Donor Network,OHCM,36P003,2021
University of Toledo Medical Center,Maumee,OH,Life Connection of Ohio,OHCO,36P001,2021
Ohio State University Medical Center,Columbus,OH,Lifeline of Ohio,OHOU,36P005,2021
The Christ Hospital,Cincinnati,OH,LifeCenter Organ Donor Network,OHTC,36P003,2021
University of Cincinnati  Medical Center,Cincinnati,OH,LifeCenter Organ Donor Network,OHUC,36P003,2021
University Hospitals of Cleveland,Cleveland,OH,Lifebanc,OHUH,36P002,2021
Integris Baptist Medical Center,Oklahoma City,OK,LifeShare Transplant Donor Services of Oklahoma,OKBC,37P002,2021
Children's Hospital of Oklahoma,Oklahoma City,OK,LifeShare Transplant Donor Services of Oklahoma,OKCM,37P002,2021
OU Medical Center,Oklahoma City,OK,LifeShare Transplant Donor Services of Oklahoma,OKMD,37P002,2021
Saint Francis Hospital,Oklahoma City,OK,LifeShare Transplant Donor Services of Oklahoma,OKSF,37P002,2021
St John Medical Center,Oklahoma City,OK,LifeShare Transplant Donor Services of Oklahoma,OKSJ,37P002,2021
Legacy Good Samaritan Hospital and Medical Center,Portland,OR,Pacific Northwest Transplant Bank,ORGS,38P001,2021
Oregon Health and Science University,Portland,OR,Pacific Northwest Transplant Bank,ORUO,38P001,2021
VA Portland Health Care System,Portland,OR,Pacific Northwest Transplant Bank,ORVA,38P001,2021
Albert Einstein Medical Center,Philadelphia,PA,Gift of Life Donor Program,PAAE,39P001,2021
Allegheny General Hospital,Pittsburgh,PA,Center for Organ Recovery and Education,PAAG,39P002,2021
Crozer-Chester Medical Center,Philadelphia,PA,Gift of Life Donor Program,PACC,39P001,2021
Children's Hospital of Pittsburgh of UPMC,Pittsburgh,PA,Center for Organ Recovery and Education,PACH,39P002,2021
Children's Hospital of Philadelphia,Philadelphia,PA,Gift of Life Donor Program,PACP,39P001,2021
Geisinger Medical Center,Philadelphia,PA,Gift of Life Donor Program,PAGM,39P001,2021
Penn State Milton S Hershey Medical Center,Philadelphia,PA,Gift of Life Donor Program,PAHE,39P001,2021
Pinnacle Health System at Harrisburg Hospital,Philadelphia,PA,Gift of Life Donor Program,PAHH,39P001,2021
Hahnemann University Hospital,Philadelphia,PA,Gift of Life Donor Program,PAHM,39P001,2021
The Lankenau Hospital,Philadelphia,PA,Gift of Life Donor Program,PALH,39P001,2021
Lehigh Valley Hospital,Philadelphia,PA,Gift of Life Donor Program,PALV,39P001,2021
UPMC Hamot,Pittsburgh,PA,Center for Organ Recovery and Education,PAPH,39P002,2021
University of Pittsburgh Medical Center,Pittsburgh,PA,Center for Organ Recovery and Education,PAPT,39P002,2021
St. Christopher's Hospital for Children,Philadelphia,PA,Gift of Life Donor Program,PASC,39P001,2021
Thomas Jefferson University Hospital,Philadelphia,PA,Gift of Life Donor Program,PATJ,39P001,2021
Temple University Hospital,Philadelphia,PA,Gift of Life Donor Program,PATU,39P001,2021
Hospital of the University of Pennsylvania,Philadelphia,PA,Gift of Life Donor Program,PAUP,39P001,2021
VA Pittsburgh Healthcare System,Pittsburgh,PA,Center for Organ Recovery and Education,PAVA,39P002,2021
Cardiovascular Center of Puerto Rico and the Caribbean,Guaynabo,PR,LifeLink of Puerto Rico,PRCC,40P002,2021
Auxilio Mutuo Hospital,Guaynabo,PR,LifeLink of Puerto Rico,PRSJ,40P002,2021
Rhode Island Hospital,Waltham,MA,New England Organ Bank,RIRH,22P001,2021
MUSC Children's Hospital,Charleston,SC,We Are Sharing Hope SC,SCCH,42P001,2021
Medical University of South Carolina,Charleston,SC,We Are Sharing Hope SC,SCMU,42P001,2021
Avera McKennan Hospital,Minneapolis,MN,LifeSource Upper Midwest Organ Procurement Organization,SDMK,24P001,2021
Sanford Health/USD Medical Center,Minneapolis,MN,LifeSource Upper Midwest Organ Procurement Organization,SDSV,24P001,2021
Baptist Memorial Hospital,Cordova,TN,Mid-South Transplant Foundation,TNBM,44P003,2021
Erlanger Medical Center,Nashville,TN,Tennessee Donor Services,TNEM,44P001,2021
Le Bonheur Children's Medical Center,Cordova,TN,Mid-South Transplant Foundation,TNLB,44P003,2021
Methodist University Hospital,Cordova,TN,Mid-South Transplant Foundation,TNMH,44P003,2021
Centennial Medical Center,Nashville,TN,Tennessee Donor Services,TNPV,44P001,2021
Saint Thomas Hospital,Nashville,TN,Tennessee Donor Services,TNST,44P001,2021
University of Tennessee Medical Center at Knoxville,Nashville,TN,Tennessee Donor Services,TNUK,44P001,2021
Vanderbilt University Medical Center and Nashville VA Medical Center,Nashville,TN,Tennessee Donor Services,TNVU,44P001,2021
Nashville Veterans Administration Hospital,Nashville,TN,Tennessee Donor Services,TNVU,44P001,2021
Baylor  Scott and White All Saints Medical Center-Fort Worth,Houston,TX,LifeGift Organ Donation Center,TXAS,45P003,2021
"University Hospital, University of Texas Health Science Center",San Antonio,TX,Texas Organ Sharing Alliance,TXBC,45P004,2021
Cook Children's Medical Center,Houston,TX,LifeGift Organ Donation Center,TXCF,45P003,2021
Children's Medical Center of Dallas,Dallas,TX,Southwest Transplant Alliance,TXCM,45P002,2021
Seton Medical Center Austin,San Antonio,TX,Texas Organ Sharing Alliance,TXCT,45P004,2021
Driscoll Children's Hospital,Dallas,TX,Southwest Transplant Alliance,TXDC,45P002,2021
North Austin Medical Center,San Antonio,TX,Texas Organ Sharing Alliance,TXDM,45P004,2021
Doctor's Hospital at Renaissance,San Antonio,TX,Texas Organ Sharing Alliance,TXDR,45P004,2021
Texas Health Harris Methodist Fort Worth Hospital,Houston,TX,LifeGift Organ Donation Center,TXFW,45P003,2021
Medical City Dallas Hospital,Dallas,TX,Southwest Transplant Alliance,TXHD,45P002,2021
"Memorial Hermann Hospital, University of Texas at Houston",Houston,TX,LifeGift Organ Donation Center,TXHH,45P003,2021
CHI St. Luke's Health Baylor College of Medicine Medical Center,Houston,TX,LifeGift Organ Donation Center,TXHI,45P003,2021
Methodist Specialty and Transplant Hospital,San Antonio,TX,Texas Organ Sharing Alliance,TXHS,45P004,2021
University of Texas Medical Branch at Galveston,Dallas,TX,Southwest Transplant Alliance,TXJS,45P002,2021
Las Palmas Medical Center,Dallas,TX,Southwest Transplant Alliance,TXLP,45P002,2021
Methodist Dallas Medical Center,Dallas,TX,Southwest Transplant Alliance,TXMC,45P002,2021
Houston Methodist Hospital,Houston,TX,LifeGift Organ Donation Center,TXMH,45P003,2021
Medical City Fort Worth,Houston,TX,LifeGift Organ Donation Center,TXPL,45P003,2021
Parkland Health and Hospital System,Dallas,TX,Southwest Transplant Alliance,TXPM,45P002,2021
Christus Santa Rosa Hospital Medical Center,San Antonio,TX,Texas Organ Sharing Alliance,TXRM,45P004,2021
UT Southwestern Medical Center/William P. Clements Jr. University Hospital,Dallas,TX,Southwest Transplant Alliance,TXSP,45P002,2021
Scott and White Memorial Hospital,Dallas,TX,Southwest Transplant Alliance,TXSW,45P002,2021
Texas Children's Hospital,Houston,TX,LifeGift Organ Donation Center,TXTC,45P003,2021
Baylor University Medical Center,Dallas,TX,Southwest Transplant Alliance,TXTX,45P002,2021
Michael E. DeBakey VA Medical Center,Houston,TX,LifeGift Organ Donation Center,TXVA,45P003,2021
Intermountain Medical Center,Salt Lake City,UT,Intermountain Donor Services,UTLD,46P001,2021
University of Utah Medical Center,Salt Lake City,UT,Intermountain Donor Services,UTMC,46P001,2021
Primary Children's Hospital,Salt Lake City,UT,Intermountain Donor Services,UTPC,46P001,2021
Children's Hospital of the King's Daughters,Virginia Beach,VA,LifeNet Health,VACH,49P001,2021
Inova Fairfax Hospital,Falls Church,VA,Washington Regional Transplant Community,VAFH,49P003,2021
Henrico Doctors' Hospital,Virginia Beach,VA,LifeNet Health,VAHD,49P001,2021
Medical College of Virginia Hospitals,Virginia Beach,VA,LifeNet Health,VAMC,49P001,2021
Hunter Holmes McGuire Veterans Administration Medical Center,Virginia Beach,VA,LifeNet Health,VAMV,49P001,2021
Sentara Norfolk General Hospital,Virginia Beach,VA,LifeNet Health,VANG,49P001,2021
University of Virginia Health Sciences Center,Virginia Beach,VA,LifeNet Health,VAUV,49P001,2021
The University of Vermont Medical Center,Albany,NY,Center for Donation and Transplant,VTMC,33P004,2021
Seattle Children's Hospital,Bellevue,WA,LifeCenter Northwest,WACH,50P003,2021
Providence Sacred Heart Medical Center & Children's Hospital,Bellevue,WA,LifeCenter Northwest,WASH,50P003,2021
Swedish Medical Center,Bellevue,WA,LifeCenter Northwest,WASM,50P003,2021
University of Washington Medical Center,Bellevue,WA,LifeCenter Northwest,WAUW,50P003,2021
Virginia Mason Medical Center,Bellevue,WA,LifeCenter Northwest,WAVM,50P003,2021
Children's Hospital of Wisconsin,Milwaukee,WI,Wisconsin Donor Network,WICH,52P002,2021
Froedtert Memorial Lutheran Hospital,Milwaukee,WI,Wisconsin Donor Network,WISE,52P002,2021
Aurora St. Luke's Medical Center,Milwaukee,WI,Wisconsin Donor Network,WISL,52P002,2021
University of Wisconsin Hospital and Clinics,Madison,WI,UW Health Organ and Tissue Donation,WIUW,52P001,2021
Charleston Area Medical Center,Pittsburgh,PA,Center for Organ Recovery and Education,WVCA,39P002,2021
