0,1,2,3,4
Abbott Northwestern Hospital,Minneapolis,MN,LifeSource Upper Midwest Organ Procurement Organization (MNOP),
Advocate Christ Medical Center,Oak Lawn,IL,Gift of Hope Organ & Tissue Donor Network (ILIP),
Akron City Hospital,Akron,OH,LifeBanc (OHLB),
Albany Medical Center Hospital,Albany,NY,Center for Donation and Transplant (NYAP),
Albert Einstein Medical Center,Philadelphia,PA,Gift of Life Donor Program (PADV),
Alfred I DuPont Hospital for Children,Wilmington,DE,Gift of Life Donor Program (PADV),
All Children's Hospital,St. Petersburg,FL,LifeLink of Florida (FLWC),
Allegheny General Hospital,Pittsburgh,PA,Center for Organ Recovery and Education (PATF),
Alta Bates Medical Center,Berkeley,CA,California Transplant Donor Network (CADN),
Arkansas Children's Hospital,Little Rock,AR,Arkansas Regional Organ Recovery Agency (AROR),
Arkansas Regional Organ Recovery Agency (AROR),,,,
Arrowhead Regional Medical Center,Colton,CA,OneLegacy (CAOP),
Aurora St. Luke's Medical Center,Milwaukee,WI,Wisconsin Donor Network (WISE),
Auxilio Mutuo Hospital,Hato Rey,PR,LifeLink of Puerto Rico (PRLL),
Avera McKennan Hospital,Sioux Falls,SD,LifeSource Upper Midwest Organ Procurement Organization (MNOP),
Banner Good Samaritan Medical Center,Phoenix,AZ,Donor Network of Arizona (AZOB),
Baptist Medical Center Princeton,Birmingham,AL,Alabama Organ Center (ALOB),
Baptist Medical Center,Little Rock,AR,Arkansas Regional Organ Recovery Agency (AROR),
Baptist Memorial Hospital,Memphis,TN,Mid-South Transplant Foundation (TNMS),
Barnes-Jewish Hospital,St. Louis,MO,Mid-America Transplant Services (MOMA),
Baylor All Saints Medical Center,Fort Worth,TX,LifeGift Organ Donation Center (TXGC),
Baylor Medical Center Grapevine,Grapevine,TX,LifeGift Organ Donation Center (TXGC),
Baylor University Medical Center,Dallas,TX,Southwest Transplant Alliance (TXSB),
Baystate Medical Center,Springfield,MA,,
Bert Fish Medical Center,New Smyrna Beach,FL,TransLife (FLFH),
Beth Israel Deaconess Medical Center,Boston,MA,New England Organ Bank (MAOB),
Borgess Medical Center,Kalamazoo,MI,Gift of Life Michigan (MIOP),
Boston Medical Center,Boston,MA,New England Organ Bank (MAOB),
Boston Veterans Administration Medical Center,Boston,MA,New England Organ Bank (MAOB),
Brackenridge Hospital,Austin,TX,Texas Organ Sharing Alliance (TXSA),
Brigham and Women's Hospital,Boston,MA,New England Organ Bank (MAOB),
Brooke Army Medical Center,Fort Sam Houston,TX,Texas Organ Sharing Alliance (TXSA),
Broward General Medical Center,Ft. Lauderdale,FL,TransLife (FLFH),
BryanLGH Medical Center East,Lincoln,NE,Nebraska Organ Recovery System (NEOR),
Buffalo General Hospital/ Children's Hospital,Buffalo,NY,Upstate New York Transplant Services Inc (NYWN),
Buffalo Veterans Administration Medical Center,Buffalo,NY,Upstate New York Transplant Services Inc (NYWN),
California Pacific Medical Center,San Francisco,CA,California Transplant Donor Network (CADN),
Cardinal Glennon Children's Hospital,St. Louis,MO,Mid-America Transplant Services (MOMA),
Cardiovascular Center of Puerto Rico and the Caribbean,San Juan,PR,LifeLink of Puerto Rico (PRLL),
Carolinas Medical Center,Charlotte,NC,Lifeshare of the Carolinas (NCCM),
Cedars-Sinai Medical Center,Los Angeles,CA,OneLegacy (CAOP),
Centennial Medical Center,Nashville,TN,Tennessee Donor Services (TNDS),
Centura Porter Adventist Hospital,Denver,CO,Donor Alliance (CORS),
Charleston Area Medical Center,Charleston,WV,Center for Organ Recovery and Education (PATF),
Children's Health Care Minneapolis,Minneapolis,MN,LifeSource Upper Midwest Organ Procurement Organization (MNOP),
Children's Healthcare of Atlanta at Egleston,Atlanta,GA,LifeLink of Georgia (GALL),
Children's Hospital & Regional Medical Center,Seattle,WA,LifeCenter Northwest Organ Donation Network (WALC),
Children's Hospital Los Angeles,Los Angeles,CA,OneLegacy (CAOP),
Children's Hospital Medical Center of Akron,Akron,OH,LifeBanc (OHLB),
Children's Hospital Medical Center,Cincinnati,OH,LifeCenter Organ Donor Network (OHOV),
Children's Hospital of Alabama,Birmingham,AL,Alabama Organ Center (ALOB),
Children's Hospital of Buffalo,Buffalo,NY,Upstate New York Transplant Services Inc (NYWN),
Children's Hospital of Michigan,Detroit,MI,Gift of Life Michigan (MIOP),
Children's Hospital of Oklahoma,Oklahoma City,OK,LifeShare Transplant Donor Services of Oklahoma (OKOP),
Children's Hospital of Philadelphia,Philadelphia,PA,Gift of Life Donor Program (PADV),
Children's Hospital of Pittsburgh of UPMC,Pittsburgh,PA,Center for Organ Recovery and Education (PATF),
Children's Hospital of the King's Daughters,Norfolk,VA,LifeNet Health (VATB),
Children's Hospital of Wisconsin,Milwaukee,WI,Wisconsin Donor Network (WISE),
Children's Hospital,Boston,MA,New England Organ Bank (MAOB),
Children's Hospital,New Orleans,LA,Louisiana Organ Procurement Agency (LAOP),
Children's Medical Center of Dallas,Dallas,TX,Southwest Transplant Alliance (TXSB),
Children's Memorial Hospital,Chicago,IL,Gift of Hope Organ & Tissue Donor Network (ILIP),
Children's National Medical Center,Washington,DC,Washington Regional Transplant Community (DCTC),
Christiana Care Health Services,Newark,DE,Gift of Life Donor Program (PADV),
Christus Santa Rosa Medical Center,San Antonio,TX,Texas Organ Sharing Alliance (TXSA),
City of Hope National Medical Center,Duarte,CA,OneLegacy (CAOP),
Clarian Health/Methodist/Indiana U/Riley,Indianapolis,IN,Indiana Organ Procurement Organization (INOP),
Cleveland Clinic Hospital Florida,Weston,FL,TransLife (FLFH),
Columbia Audubon Hospital,Louisville,KY,Kentucky Organ Donor Affiliates (KYDA),
CONNECTICUT (See also MA),,,,
Cook Children's Medical Center,Fort Worth,TX,LifeGift Organ Donation Center (TXGC),
Covenant Medical Center,Lubbock,TX,LifeGift Organ Donation Center (TXGC),
Dakota Heartland Health System,Fargo,ND,LifeSource Upper Midwest Organ Procurement Organization (MNOP),
DePaul Health Center,Bridgeton,MO,Mid-America Transplant Services (MOMA),
Driscoll Children's Hospital,Corpus Christi,TX,Southwest Transplant Alliance (TXSB),
Duke University Medical Center,Durham,NC,Carolina Donor Services (NCNC),
Durham VA Medical Center,Durham,NC,Carolina Donor Services (NCNC),
East Texas Medical Center,Tyler,TX,Southwest Transplant Alliance (TXSB),
El Camino Hospital,Mountain View,CA,California Transplant Donor Network (CADN),
Emory University Hospital,Atlanta,GA,LifeLink of Georgia (GALL),
Erie County Medical Center,Buffalo,NY,Upstate New York Transplant Services Inc (NYWN),
Erlanger Medical Center,Chattanooga,TN,Tennessee Donor Services (TNDS),
Evanston Hospital,Evanston,IL,Gift of Hope Organ & Tissue Donor Network (ILIP),
Fletcher Allen Health Care,Burlington,VT,Center for Donation and Transplant (NYAP),
Florida Hospital Medical Center,Orlando,FL,TransLife (FLFH),
Froedtert Memorial Lutheran Hospital,Milwaukee,WI,Wisconsin Donor Network (WISE),
Geisinger Medical Center,Danville,PA,Gift of Life Donor Program (PADV),
Geisinger Wyoming Valley Medical Ctr,Wilkes-Barre,PA,Gift of Life Donor Program (PADV),
George Washington University Medical Center,Washington,DC,Washington Regional Transplant Community (DCTC),
Georgetown University Medical Center,Washington,DC,Washington Regional Transplant Community (DCTC),
Grace Hospital,Detroit,MI,Gift of Life Michigan (MIOP),
Gulf Coast Medical Center,Ft Myers,FL,LifeLink of Florida (FLWC),
Hackensack University Medical Center,Hackensack,NJ,New Jersey Organ and Tissue Sharing Network OPO (NJTO),
Hahnemann University Hospital,Philadelphia,PA,Gift of Life Donor Program (PADV),
Halifax Medical Center,Daytona Beach,FL,TransLife (FLFH),
Harbor UCLA Medical Center,Torrance,CA,OneLegacy (CAOP),
Harper University Hospital Detroit Medical Center,Detroit,MI,Gift of Life Michigan (MIOP),
Hartford Hospital,Hartford,CT,,
Hawaii Medical Center- East,Honolulu,HI,Organ Donor Center of Hawaii (HIOP),
Helen DeVos Children's Hospital,Grand Rapids,MI,Gift of Life Michigan (MIOP),
Hennepin County Medical Center,Minneapolis,MN,LifeSource Upper Midwest Organ Procurement Organization (MNOP),
Henrico Doctors' Hospital,Richmond,VA,LifeNet Health (VATB),
Henry Ford Hospital,Detroit,MI,Gift of Life Michigan (MIOP),
Hillcrest Medical Center,Tulsa,OK,LifeShare Transplant Donor Services of Oklahoma (OKOP),
Hines Veterans Administration Medical Center,Maywood,IL,Gift of Hope Organ & Tissue Donor Network (ILIP),
Hospital of the University of Pennsylvania,Philadelphia,PA,Gift of Life Donor Program (PADV),
Howard University Hospital,Washington,DC,Washington Regional Transplant Community (DCTC),
Hunter Holmes McGuire Veterans Administration Medical Center,Richmond,VA,LifeNet Health (VATB),
Hurley Medical Center,Flint,MI,Gift of Life Michigan (MIOP),
Indiana University Medical Center,Indianapolis,IN,Indiana Organ Procurement Organization (INOP),
Inova Fairfax Hospital,Falls Church,VA,Washington Regional Transplant Community (DCTC),
Integris Baptist Medical Center,Oklahoma City,OK,LifeShare Transplant Donor Services of Oklahoma (OKOP),
Intermountain Medical Center,Murray,UT,Intermountain Donor Services (UTOP),
Iowa City VA Medical Center,Iowa City,IA,Iowa Donor Network (IAOP),
Iowa Methodist Medical Center,Des Moines,IA,Iowa Donor Network (IAOP),
Jackson Memorial Hospital University of Miami School of Medicine,Miami,FL,TransLife (FLFH),
Jewish Hospital,Louisville,KY,Kentucky Organ Donor Affiliates (KYDA),
John Cochran Veterans Administration Hospital,St Louis,MO,Mid-America Transplant Services (MOMA),
John L Doyne Hosp,Milwaukee,WI,Wisconsin Donor Network (WISE),
John L. McClellan Veterans Administration Hospital,Little Rock,AR,Arkansas Regional Organ Recovery Agency (AROR),
Johns Hopkins Bayview Medical Center,Baltimore,MD,The Living Legacy Foundation of Maryland (MDPC),
Johns Hopkins Hospital,Baltimore,MD,The Living Legacy Foundation of Maryland (MDPC),
Johnson City Medical Center Hospital,Johnson City,TN,Tennessee Donor Services (TNDS),
Kaiser Permanente Hospital Oakland,Oakland,CA,California Transplant Donor Network (CADN),
Kaiser Permanente-San Francisco Medical Center,San Francisco,CA,California Transplant Donor Network (CADN),
Kenner Regional Medical Center,Kenner,LA,Louisiana Organ Procurement Agency (LAOP),
Kosair Children's Hospital,Louisville,KY,Kentucky Organ Donor Affiliates (KYDA),
Lahey Clinic Medical Center,Burlington,MA,New England Organ Bank (MAOB),
Lakeview Regional Medical Center,Covington,LA,Louisiana Organ Procurement Agency (LAOP),
Las Palmas Medical Center,El Paso,TX,Southwest Transplant Alliance (TXSB),
Le Bonheur Children's Medical Center,Memphis,TN,Mid-South Transplant Foundation (TNMS),
Legacy Good Samaritan Hospital and Medical Center,Portland,OR,Pacific Northwest Transplant Bank (ORUO),
Lehigh Valley Hospital,Allentown,PA,Gift of Life Donor Program (PADV),
Life Alliance Organ Recovery Agency (FLMP),TransLife (FLFH),,,
LifeChoice Donor Services (CTOP),,,,
LifeQuest Organ Recovery Services (FLUF),TransLife (FLFH),,,
Lindy Boggs Medical Center,New Orleans,LA,Louisiana Organ Procurement Agency (LAOP),
Loma Linda University Medical Center,Loma Linda,CA,OneLegacy (CAOP),
Louisiana State University Medical Center Shreveport,Shreveport,LA,Louisiana Organ Procurement Agency (LAOP),
Loyola University Medical Center,Maywood,IL,Gift of Hope Organ & Tissue Donor Network (ILIP),
Lucile Salter Packard Children's Hospital at Stanford,Palo Alto,CA,California Transplant Donor Network (CADN),
Lutheran Hospital of Fort Wayne,Ft Wayne,IN,Indiana Organ Procurement Organization (INOP),
Maine Medical Center,Portland,ME,New England Organ Bank (MAOB),
Mary Hitchcock Memorial Hospital,Lebanon,NH,New England Organ Bank (MAOB),
Massachusetts General Hospital,Boston,MA,New England Organ Bank (MAOB),
Mayo Clinic Florida,Jacksonville,FL,TransLife (FLFH),
Mayo Clinic Hospital,Phoenix,AZ,Donor Network of Arizona (AZOB),
McAllen Medical Center,McAllen,TX,Texas Organ Sharing Alliance (TXSA),
Medcenter One Health Systems,Bismarck,ND,LifeSource Upper Midwest Organ Procurement Organization (MNOP),
Medical City Dallas Hospital,Dallas,TX,Southwest Transplant Alliance (TXSB),
Medical College of Georgia,Augusta,GA,LifeLink of Georgia (GALL),
Medical College of Virginia Hospitals,Richmond,VA,LifeNet Health (VATB),
Medical University of South Carolina,Charleston,SC,LifePoint (SCOP),
Memorial Hermann Hospital,University of Texas at Houston,Houston,TX,LifeGift Organ Donation Center (TXGC)
Memorial Hospital,Colorado Springs,CO,Donor Alliance (CORS),
Memorial Medical Center,Springfield,IL,Gift of Hope Organ & Tissue Donor Network (ILIP),
Menorah Medical Center,Kansas City,MO,Midwest Transplant Network (MWOB),
Mercy Medical Center-Des Moines,Des Moines,IA,Iowa Donor Network (IAOP),
MeritCare Hospital,Fargo,ND,LifeSource Upper Midwest Organ Procurement Organization (MNOP),
Methodist Children's Hospital of South Texas,San Antonio,TX,Texas Organ Sharing Alliance (TXSA),
Methodist Dallas Medical Center,Dallas,TX,Southwest Transplant Alliance (TXSB),
Methodist Specialty and Transplant Hospital,San Antonio,TX,Texas Organ Sharing Alliance (TXSA),
Methodist University Hospital,Memphis,TN,Mid-South Transplant Foundation (TNMS),
Metropolitan Mount Sinai Medical Center,Minneapolis,MN,LifeSource Upper Midwest Organ Procurement Organization (MNOP),
Miami Children's Hospital,Miami,FL,TransLife (FLFH),
Miami Valley Hospital,Dayton,OH,Life Connection of Ohio (OHLC),
Michael E. DeBakey VA Medical Center,Houston,TX,LifeGift Organ Donation Center (TXGC),
Montefiore Medical Center,Bronx,NY,New York Organ Donor Network (NYRT),
Mount Sinai Medical Center,New York,NY,New York Organ Donor Network (NYRT),
Nashville Veterans Administration Hospital,Nashville,TN,Tennessee Donor Services (TNDS),
Nationwide Children's Hospital,Columbus,OH,Lifeline of Ohio (OHLP),
Nebraska Health System Clarkson Hospital,Omaha,NE,Nebraska Organ Recovery System (NEOR),
New England Deaconess Hospital,Boston,MA,New England Organ Bank (MAOB),
New York University Medical Center,New York,NY,New York Organ Donor Network (NYRT),
Newark Beth Israel Medical Center,Newark,NJ,New Jersey Organ and Tissue Sharing Network OPO (NJTO),
North Austin Medical Center,Austin,TX,Texas Organ Sharing Alliance (TXSA),
North Carolina Baptist Hospital,Winston Salem,NC,Carolina Donor Services (NCNC),
North Shore University Hospital,Manhasset,NY,New York Organ Donor Network (NYRT),
Northwestern Memorial Hospital,Chicago,IL,Gift of Hope Organ & Tissue Donor Network (ILIP),
NY Presb Hosp/Cornell/Rogosin,New York,NY,New York Organ Donor Network (NYRT),
NY Presbyterian Hospital/Columbia Univ. Medical Center,New York,NY,New York Organ Donor Network (NYRT),
Oakland Veterans Administration Medical Center,Pittsburgh,PA,Center for Organ Recovery and Education (PATF),
Ochsner Foundation Hospital,New Orleans,LA,Louisiana Organ Procurement Agency (LAOP),
Ohio State University Medical Center,Columbus,OH,Lifeline of Ohio (OHLP),
Oregon Health & Sciences University,Portland,OR,Pacific Northwest Transplant Bank (ORUO),
OSF Saint Francis Medical Center,Peoria,IL,Gift of Hope Organ & Tissue Donor Network (ILIP),
OU Medical Center,Oklahoma City,OK,LifeShare Transplant Donor Services of Oklahoma (OKOP),
Our Lady of Lourdes Medical Center,Camden,NJ,New Jersey Organ and Tissue Sharing Network OPO (NJTO),
Parkland Memorial Hospital,Dallas,TX,Southwest Transplant Alliance (TXSB),
Penn State Milton S Hershey Medical Center,Hershey,PA,Gift of Life Donor Program (PADV),
Phoenix Children's Hospital,Phoenix,AZ,Donor Network of Arizona (AZOB),
Phoenix Regional Medical Center,Phoenix,AZ,Donor Network of Arizona (AZOB),
Piedmont Hospital,Atlanta,GA,LifeLink of Georgia (GALL),
Pinnacle Health System at Harrisburg Hospital,Harrisburg,PA,Gift of Life Donor Program (PADV),
Pitt County Memorial Hospital,Greenville,NC,Carolina Donor Services (NCNC),
Portland Veterans Administration Medical Center,Portland,OR,Pacific Northwest Transplant Bank (ORUO),
Poudre Valley Hospital,Fort Collins,CO,Donor Alliance (CORS),
Presbyterian Hospital,Albuquerque,NM,New Mexico Donor Services (NMOP),
Presbyterian/St Lukes Medical Center,Denver,CO,Donor Alliance (CORS),
Primary Children's Medical Center,Salt Lake City,UT,Intermountain Donor Services (UTOP),
Providence Hospital,Washington,DC,Washington Regional Transplant Community (DCTC),
Providence Portland Medical Center,Portland,OR,Pacific Northwest Transplant Bank (ORUO),
Rady Children's Hospital and Health Center,San Diego,CA,Lifesharing - A Donate Life Organization (CASD),
Research Medical Center,Kansas City,MO,Midwest Transplant Network (MWOB),
Rhode Island Hospital,Providence,RI,New England Organ Bank (MAOB),
Richland Memorial Hospital,Columbia,SC,LifePoint (SCOP),
Riverside Community Hospital,Riverside,CA,OneLegacy (CAOP),
Robert Wood Johnson University Hospital,New Brunswick,NJ,New Jersey Organ and Tissue Sharing Network OPO (NJTO),
Rochester Methodist Hospital (Mayo Clinic),Rochester,MN,LifeSource Upper Midwest Organ Procurement Organization (MNOP),
Rush University Medical Center,Chicago,IL,Gift of Hope Organ & Tissue Donor Network (ILIP),
Sacred Heart Medical Center,Spokane,WA,LifeCenter Northwest Organ Donation Network (WALC),
Saint Barnabas Medical Center,Livingston,NJ,New Jersey Organ and Tissue Sharing Network OPO (NJTO),
Saint Bernardine Medical Center,San Bernardino,CA,OneLegacy (CAOP),
Saint Francis Hospital,Tulsa,OK,LifeShare Transplant Donor Services of Oklahoma (OKOP),
Saint Joseph Hospital at Creighton University Medical Center,Omaha,NE,Nebraska Organ Recovery System (NEOR),
Saint Joseph Hospital,Orange,CA,OneLegacy (CAOP),
Saint Joseph's Hospital of Atlanta,Atlanta,GA,LifeLink of Georgia (GALL),
Saint Louis University Hospital,St Louis,MO,Mid-America Transplant Services (MOMA),
Saint Marys Hospital (Mayo Clinic),Rochester,MN,LifeSource Upper Midwest Organ Procurement Organization (MNOP),
Saint Thomas Hospital,Nashville,TN,Tennessee Donor Services (TNDS),
Salt Lake City Veterans Administration Medical Center,Salt Lake City,UT,Intermountain Donor Services (UTOP),
Sanford Health/USD Medical Center,Sioux Falls,SD,LifeSource Upper Midwest Organ Procurement Organization (MNOP),
Santa Rosa Memorial Hospital,Santa Rosa,CA,Golden State Donor Services (CAGS),
Schumpert Health System,Shreveport,LA,Louisiana Organ Procurement Agency (LAOP),
Scott and White Memorial Hospital,Temple,TX,Southwest Transplant Alliance (TXSB),
Scottsdale Healthcare Osborn,Scottsdale,AZ,Donor Network of Arizona (AZOB),
Scripps Green Hospital,La Jolla,CA,Lifesharing - A Donate Life Organization (CASD),
Sentara Norfolk General Hospital,Norfolk,VA,LifeNet Health (VATB),
Seton Medical Center,Austin,TX,Texas Organ Sharing Alliance (TXSA),
Shady Grove Adventist Hospital,Rockville,MD,Washington Regional Transplant Community (DCTC),
Shands Hospital at The University of Florida,Gainesville,FL,TransLife (FLFH),
Shands Jacksonville,Jacksonville,FL,TransLife (FLFH),
Sharp Memorial Hospital,San Diego,CA,Lifesharing - A Donate Life Organization (CASD),
Sierra Medical Center,El Paso,TX,Southwest Transplant Alliance (TXSB),
St Francis Hospital and Medical Center,Topeka,KS,Mid-America Transplant Services (MOMA),
St John Hospital and Medical Center,Detroit,MI,Gift of Life Michigan (MIOP),
St John Medical Center,Tulsa,OK,LifeShare Transplant Donor Services of Oklahoma (OKOP),
St Johns Mercy Medical Center,St Louis,MO,Mid-America Transplant Services (MOMA),
St Johns Regional Medical Center,Joplin,MO,Midwest Transplant Network (MWOB),
St Josephs Hospital and Medical Center,Phoenix,AZ,Donor Network of Arizona (AZOB),
St Josephs Hospital,Tampa,FL,LifeLink of Florida (FLWC),
St Luke's Episcopal Hospital,Houston,TX,LifeGift Organ Donation Center (TXGC),
St Lukes Hospital of Kansas City,Kansas City,MO,Midwest Transplant Network (MWOB),
St Mary Medical Center,Long Beach,CA,OneLegacy (CAOP),
St Vincent Hospital and Health Care Center,Indianapolis,IN,Indiana Organ Procurement Organization (INOP),
St Vincent Hospital and Medical Center,Portland,OR,Pacific Northwest Transplant Bank (ORUO),
St. Anthony Hospital,Oklahoma City,OK,LifeShare Transplant Donor Services of Oklahoma (OKOP),
St. Christopher's Hospital for Children,Philadelphia,PA,Gift of Life Donor Program (PADV),
St. Elizabeth Health Center,Youngstown,OH,LifeBanc (OHLB),
St. Johns Hospital,Springfield,IL,Gift of Hope Organ & Tissue Donor Network (ILIP),
St. Louis Children's Hospital,St Louis,MO,Mid-America Transplant Services (MOMA),
St. Luke's Roosevelt Hospital Center,New York,NY,New York Organ Donor Network (NYRT),
St. Mary's Health Care - Main Hospital,Grand Rapids,MI,Gift of Life Michigan (MIOP),
St. Vincent Medical Center,Los Angeles,CA,OneLegacy (CAOP),
Stanford University Medical Center,Stanford,CA,California Transplant Donor Network (CADN),
State University of New York Upstate Medical University,Syracuse,NY,Finger Lakes Donor Recovery Network (NYFL),
State University of New York,Downstate Medical Center,Brooklyn,NY,New York Organ Donor Network (NYRT)
Strong Memorial Hospital,Rochester,NY,Finger Lakes Donor Recovery Network (NYFL),
Summit Medical Center,Oakland,CA,Golden State Donor Services (CAGS),
Sunrise Hospital and Medical Center,Las Vegas,NV,Nevada Donor Network (NVLV),
Sutter Memorial Hospital,Sacramento,CA,Golden State Donor Services (CAGS),
Swedish Medical Center,Seattle,WA,LifeCenter Northwest Organ Donation Network (WALC),
Tallahassee Memorial Hospital,Tallahassee,FL,TransLife (FLFH),
Tampa General Hospital,Tampa,FL,LifeLink of Florida (FLWC),
Temple University Hospital,Philadelphia,PA,Gift of Life Donor Program (PADV),
Texas Children's Hospital,Houston,TX,LifeGift Organ Donation Center (TXGC),
Texas Health Harris Methodist Fort Worth Hospital,Fort Worth,TX,LifeGift Organ Donation Center (TXGC),
The Children's Hospital,Aurora,CO,Donor Alliance (CORS),
The Children's Mercy Hospital,Kansas City,MO,Midwest Transplant Network (MWOB),
The Christ Hospital,Cincinnati,OH,LifeCenter Organ Donor Network (OHOV),
The Cleveland Clinic Foundation,Cleveland,OH,LifeBanc (OHLB),
The Lankenau Hospital,Wynnewood,PA,Gift of Life Donor Program (PADV),
The Methodist Hospital,Houston,TX,LifeGift Organ Donation Center (TXGC),
The Nebraska Medical Center,Omaha,NE,Nebraska Organ Recovery System (NEOR),
Thomas Jefferson University Hospital,Philadelphia,PA,Gift of Life Donor Program (PADV),
Tufts Medical Center,Boston,MA,New England Organ Bank (MAOB),
Tulane Medical Center,New Orleans,LA,Louisiana Organ Procurement Agency (LAOP),
UAMS Medical Center,Little Rock,AR,Arkansas Regional Organ Recovery Agency (AROR),
Univ of Tennessee Med Center,Memphis,TN,Mid-South Transplant Foundation (TNMS),
University Hosp of SUNY,Stony Brook,NY,New York Organ Donor Network (NYRT),
University Hospital - St. Paul,Dallas,TX,Southwest Transplant Alliance (TXSB),
University Hospital,Albuquerque,NM,New Mexico Donor Services (NMOP),
University Hospital,New Orleans,LA,Louisiana Organ Procurement Agency (LAOP),
University Hospital,Newark,NJ,New Jersey Organ and Tissue Sharing Network OPO (NJTO),
University Hospital,San Antonio,TX,Texas Organ Sharing Alliance (TXSA),
University Hospitals of Cleveland,Cleveland,OH,LifeBanc (OHLB),
University Medical Center of Southern Nevada,Las Vegas,NV,Nevada Donor Network (NVLV),
University Medical Center,Jacksonville,FL,TransLife (FLFH),
University Medical Center,Lafayette,LA,Louisiana Organ Procurement Agency (LAOP),
University Medical Center,Lubbock,TX,LifeGift Organ Donation Center (TXGC),
University Medical Center,Univ of Arizona,Tucson,AZ,Donor Network of Arizona (AZOB)
University of Alabama Hospital,Birmingham,AL,Alabama Organ Center (ALOB),
University of California at Los Angeles Medical Center,Los Angeles,CA,OneLegacy (CAOP),
University of California Davis Medical Center,Sacramento,CA,Golden State Donor Services (CAGS),
University of California Irvine Medical Center,Orange,CA,OneLegacy (CAOP),
University of California San Diego Medical Center,San Diego,CA,Lifesharing - A Donate Life Organization (CASD),
University of California San Francisco Medical Center,San Francisco,CA,California Transplant Donor Network (CADN),
University of Chicago Medical Center,Chicago,IL,Gift of Hope Organ & Tissue Donor Network (ILIP),
University of Cincinnati / University Hospital,Cincinnati,OH,LifeCenter Organ Donor Network (OHOV),
University of Colorado Hospital/Health Science Center,Aurora,CO,Donor Alliance (CORS),
University of Illinois Medical Center,Chicago,IL,Gift of Hope Organ & Tissue Donor Network (ILIP),
University of Iowa Hospitals and Clinics,Iowa City,IA,Iowa Donor Network (IAOP),
University of Kansas Hospital,Kansas City,KS,Midwest Transplant Network (MWOB),
University of Kentucky Medical Center,Lexington,KY,Kentucky Organ Donor Affiliates (KYDA),
University of Maryland Medical System,Baltimore,MD,The Living Legacy Foundation of Maryland (MDPC),
University of Massachusetts Memorial Medical Center,Worcester,MA,New England Organ Bank (MAOB),
University of Michigan Medical Center,Ann Arbor,MI,Gift of Life Michigan (MIOP),
University of Minnesota Medical Center,Fairview,Minneapolis,MN,LifeSource Upper Midwest Organ Procurement Organization (MNOP)
University of Mississippi Medical Center,Jackson,MS,Mississippi Organ Recovery Agency (MSOP),
University of Missouri Hospital and Clinics,Columbia,MO,Midwest Transplant Network (MWOB),
University of North Carolina Hospitals,Chapel Hill,NC,Carolina Donor Services (NCNC),
University of Pittsburgh Medical Center,Pittsburgh,PA,Center for Organ Recovery and Education (PATF),
University of South Alabama Medical Center,Mobile,AL,Alabama Organ Center (ALOB),
University of Southern California University Hospital,Los Angeles,CA,OneLegacy (CAOP),
University of Tennessee Medical Center at Knoxville,Knoxville,TN,Tennessee Donor Services (TNDS),
University of Texas Medical Branch at Galveston,Galveston,TX,Southwest Transplant Alliance (TXSB),
University of Toledo Medical Center,Toledo,OH,Life Connection of Ohio (OHLC),
University of Utah Medical Center,Salt Lake City,UT,Intermountain Donor Services (UTOP),
University of Virginia Health Sciences Center,Charlottesville,VA,LifeNet Health (VATB),
University of Washington Medical Center,Seattle,WA,LifeCenter Northwest Organ Donation Network (WALC),
University of Wisconsin Hospital and Clinics,Madison,WI,University of Wisconsin Organ Procurement Organization (WIUW),
VA Pittsburgh Healthcare System,Pittsburgh,PA,Center for Organ Recovery and Education (PATF),
Vanderbilt University Medical Center,Nashville,TN,Tennessee Donor Services (TNDS),
Veterans Administration Medical Center Minneapolis,Minneapolis,MN,LifeSource Upper Midwest Organ Procurement Organization (MNOP),
Veterans Administration Medical Center Tucson,Tucson,AZ,Donor Network of Arizona (AZOB),
Via Christi Regional Medical Center,St Francis Campus,Wichita,KS,Midwest Transplant Network (MWOB)
Virginia Mason Medical Center,Seattle,WA,LifeCenter Northwest Organ Donation Network (WALC),
Walter Reed Army Medical Center,Washington,DC,Washington Regional Transplant Community (DCTC),
Warren Grant Magnuson Clinical Ctr,Bethesda,MD,Washington Regional Transplant Community (DCTC),
Washington Hospital Center,Washington,DC,Washington Regional Transplant Community (DCTC),
West Virginia University Hospital,Morgantown,WV,Center for Organ Recovery and Education (PATF),
Westchester Medical Center,Valhalla,NY,New York Organ Donor Network (NYRT),
Western Medical Center,Santa Ana,CA,OneLegacy (CAOP),
Wilford Hall Medical Center,Lackland AFB,TX,Texas Organ Sharing Alliance (TXSA),
William Beaumont Hospital,Royal Oak,MI,Gift of Life Michigan (MIOP),
Willis Knighton Medical Center,Shreveport,LA,Louisiana Organ Procurement Agency (LAOP),
Yale New Haven Hospital,New Haven,CT,New England Organ Bank (MAOB),
Zablocki Veterans Administration Medical Center,Milwaukee,WI,Wisconsin Donor Network (WISE),
